Workbook

Sheet Coffee Values
A1: SimaPro process | B1: Original Amount | C1: Adjusted Unit | D1: Unit | E1: Reasoning | F1: Sources
A2: Coffee Cup – Tokyo | C2: 1 | D2: piece | E2: Functional unit is 1 served cup of a pourover coffee | F2: Assumption for all measurements
A3: Output
A4: Materials / fuels
A5: Coffee, green bean GLO | B5: =Recipes!B3 -> 21 | C5: =B5*1.15 -> 24.15 | D5: g | E5: Account for 15% weight lost in roasting process | F5: https://hoos.coffee/blog/why-take-weight-loss-percentage
A6: Tap water RoW (wet processing) | B6: 2500 | C6: =((C5/1000)/0.16)*B6 -> 377.34375 | D6: kg | E6: According to literature, Fresh cherry to clean coffee conversion ratio outturn was 17.23 and 15.00% in Dessu (washed and unwashed) and Me’oftu (unwashed) respectively; therefore estimate used was 16%... Next, The typical amount of water required by coffee plants per kilogram of coffee cherries is 2,500 liters. To make sure equation is in the same units, convert grams to kg | F6: https://cipsem.wordpress.com/2023/12/01/the-hidden-cost-how-many-liters-of-water-are-needed-to-produce-a-cup-of-coffee/ | G6: SualehandDawid.pdf
A7: Nitrogen fertiliser as N GLO | B7: 1 | C7: =((C5/0.16)/10)*B7 -> 15.09375 | D7: g | E7: In East Africa, you need 1 kg of Nitrogen to be able to grow 10 kg of coffee berries. | F7: https://www.nutricarefertilisers.com/purposes/coffee/
A8: Pesticide unspecified RoW | B8: =50/1000000 -> 5e-05 | C8: =B8/1000*C5 -> 1.2075e-06 | D8: g | E8: Looking at Japan, the max is 50, so given that a couple exceeded, we will utilize that | F8: Microsoft Word - 7_BMR-minor Fix-sz 444-7172-3 FCE Harmoko (FINAL).docx
A9: Fibre jute GLO (export burlap bag) | B9: =70*1000 -> 70000 | C9: =C5/B9 -> 0.000345 | D9: g | E9: One bag holds 70kg of green coffee beans | F9: https://joecoffeecompany.com/products/jute-coffee-bag
A10: Kraft paper RoW (retail bag) | B10: 150 | C10: =B5/B10 -> 0.14 | D10: g | E10: One bag holds 150g | F10: Rounded average from spreadsheet
A11: Single use paper cup | B11: =504.39472/50 -> 10.087894 | C11: =1*B11 -> 10.087894 | D11: g | E11: 350mL is about 12 oz - converted a case of 50 from lbs to kg | F11: https://www.gppro.com/gp/gppro/p/5342W
A12: Containerboard unspecified (sleeve) | B12: 3.6 | C12: =B12 -> 3.6 | D12: g | E12: specs for 12oz | F12: https://wpackaging.net/products/coffee-cup-sleeves/#:~:text=Kraft/Kraft%20Coffee%20Sleeves%20(Fit%2012%2D20%20oz%20Cups),of%20the%20custom%20coffee%20sleeves%20we%20make
A13: Polyethylene LDPE RoW (lid) | B13: 3.8 | C13: =B13 -> 3.8 | D13: g | E13: specs for 12oz | F13: https://biodegradablecateringsupplies.com.au/product/cpla-90mm-lid-1000-lids/#:~:text=A%20CPLA%20coffee%20cup%20lid%20weighs%203.8,*%20**Calibre**%2090mm%20*%20**Weight**%203.8%20grams
A14: Tap water RoW (brewing) | B14: =Recipes!B4 -> 350 | C14: =B14 -> 350 | D14: g | E14: Direct from recipe
A15: Transport freight aircraft long haul GLO | B15: =10400*(C5/1000000) -> 0.25116 | C15: =B15 -> 0.25116 | D15: tkm | E15: Convert g --> tonnes, distance = 10400 km
A16: Transport freight lorry 16-32t RoW (farm→airport) | B16: =50*(C5/1000000) -> 0.0012075 | C16: =B16 -> 0.0012075 | D16: tkm | E16: Convert g --> tonnes, distance = ~50 km assumed from farm/port to airport
A17: Transport freight lorry 3.5-7.5t JP (roaster→café) | B17: =20*(C5/1000000) -> 0.000483 | C17: =B17 -> 0.000483 | D17: tkm | E17: Convert g --> tonnes, distance = ~20 km assumed for intra-Tokyo delivery
A18: Diesel, agricultural machinery GLO | B18: 34.2 | C18: =C5/100000*9*B18/3.6/150 -> 0.000137655 | D18: kWh | E18: From Table A4 — the energy conversion factor for gasoline is 34.2 MJ/L, From Table 2 — 1 ton of cherry beans yields 150 kg of green coffee beans | F18: Coffee Pulp Biomass Utilization on Coffee Production and Its Impact on Energy Saving, CO2 Emission Reduction, and Economic Value Added to Promote Green Lean Practice in Agriculture Production
A19: Electricity / heat
A20: Heat natural gas industrial furnace RoW (roasting) | B20: 1.75 | C20: =B20*((C5/1000)/5) -> 0.0084525 | D20: kWh | E20: Assumes 5kg batch size, let's use medium roast = 1.75 kWh | F20: https://www.mdpi.com/1996-1073/18/5/1018
A21: Heat small scale natural gas RoW (hot water for pour over) | B21: =C14 -> 350 | C21: 0.03 | D21: kWh | E21: Assumes initial temp at 20C and final temp at 93 C | F21: https://www.omnicalculator.com/physics/water-heating
A22: Waste treatment
A23: Kitchen and garden waste composting (grounds) | B23: =B5 -> 21 | C23: =B23 -> 21 | D23: g | E23: Spent grounds ≈ dry dose weight = 21 g.
A24: Municipal solid waste incineration RoW | B24: =B11+B13 -> 13.887894 | C24: =C11+C13 -> 13.887894 | D24: g | E24: Mass balance = cup and sleeve
A25: Waste polyethylene for recycling | B25: =B13 -> 3.8 | C25: =C13 -> 3.8 | D25: g | E25: Mass balance = lid input

Sheet Matcha Values
A1: SimaPro process | B1: Original Amount | C1: Adjusted Unit | D1: Unit | E1: Reasoning | F1: Sources
A2: Matcha Latte – Tokyo | C2: 1 | D2: piece | E2: Functional unit is 1 served cup of a matcha latte | F2: Assumption for all measurements
A3: Output
A4: Materials / fuels
A5: Tea dried GLO market for tea dried | B5: 5 | C5: =B5*Recipes!B7 -> 20 | D5: g | E5: When Matcha powder is made at a factory, the final powder product they get is only about one fifth or sixth of the original leaf weight. | F5: https://www.japanesegreenteain.com/blogs/green-tea-and-health/the-process-behind-your-cup-of-matcha
A6: Nitrogen fertiliser as N GLO | B6: =90000/6000000 -> 0.015 | C6: =B6*C5 -> 0.3 | D6: g | E6: 90 kg Nitrogen for 6000 kg tea leaves | F6: https://library.ihbt.res.in/Institute%20Brochures/Fertilizer%20Management%20in%20tea.pdf
A7: Polyethylene LDPE RoW (shade cloth) | B7: 1161.196 | C7: =C5/B7 -> 0.017223621 | D7: g | E7: Estimated area of coverage | F7: https://www.amazon.com/Shatex-Fabric-Grommets-Pergola-Canopy/dp/B00YOSD3HQ?th=1
A8: Tin RoW tin production (tin container) | B8: 110 | C8: =Recipes!B7/B8 -> 0.036363636 | D8: g | E8: 150 g tin container allocated to 4 g matcha dose, tin itself weights 110 | F8: https://ujichamatcha.com/products/ogurayama-yamamasa-koyamaen?variant=41814836969546 | G8: https://www.uptontea.com/tea-tins-and-bags/brushed-steel-tin-150g/p/V00477/?srsltid=AfmBOoph0OK7jvc84U1pPrK6gSIa1NHvJhsF5KdAORvzHMBEvxumLgT0Ghw
A9: Silica sand (desiccant sachet) | B9: 2 | C9: =B9*(Recipes!B7*C8) -> 0.29090909 | D9: g | E9: silica gel desiccant sachet inside tin | F9: https://www.vestil.com/product.php?FID=434
A10: Milk production from cow RoW | B10: 1.04 | C10: =B10*Recipes!B9 -> 244.4 | D10: g | E10: 1mL = 1.04 g | F10: https://www.thecalculatorsite.com/cooking/ml-grams.php
A11: Tap water RoW (latte water content) | B11: =Recipes!B8 -> 60 | C11: =B11 -> 60 | D11: g | E11: Recipe
A12: Bamboo pole (chasen whisk proxy) | B12: 12 | C12: =B12/200 -> 0.06 | D12: g | E12: Proxy Bamboo pole used as proxy for bamboo chasen whisk, est 200 uses per whisk | F12: https://wildernesspoets.com/products/bamboo-whisk-chasen?variant=31474914721858
A13: Beverage carton 1 L for fresh milk | B13: 33 | C13: =(C10/1040)*B13 -> 7.755 | D13: g | E13: Estimated share of carton allocated to milk | F13: https://www.nea.gov.sg/docs/default-source/our-services/packaging-benchmarks-(fresh-milk).pdf
A14: Single use paper cup | B14: ='Coffee Values'!B11 -> 10.087894 | C14: =B14 -> 10.087894 | D14: g | E14: Same as coffee
A15: Containerboard unspecified (sleeve) | B15: ='Coffee Values'!B12 -> 3.6 | C15: =B15 -> 3.6 | D15: g | E15: Same as coffee
A16: Polyethylene LDPE RoW (lid) | B16: ='Coffee Values'!B13 -> 3.8 | C16: =B16 -> 3.8 | D16: g | E16: Same as coffee
A17: Transport freight lorry 3.5-7.5t RoW (Uji→Tokyo) | B17: =500*(4/1000000) -> 0.002 | C17: =B17 -> 0.002 | D17: tkm | E17: Convert 4 g --> tonnes, distance = 500 km from Uji to Tokyo
A18: Electricity / heat
A19: Electricity medium voltage JP (steaming) | B19: =C5 -> 20 | C19: 0.0010475 | D19: kWh | E19: Assumes initial temp at 20C and final temp at 65 C | F19: https://www.omnicalculator.com/physics/water-heating | G19: https://teaepicure.com/tea-leaves-oxidation/#:~:text=Control%20of%20Oxidation,Most%20common%20fixing%20methods
A20: Heat small scale natural gas RoW (drying) | B20: 5 | C20: =B20*(C5/1000) -> 0.1 | D20: kWh | E20: Assuming 5 kWh given range | F20: https://www.sciencedirect.com/science/article/abs/pii/S1359431123001473#:~:text=Processing%20of%20the%20tea%20leaves,4%5D%2C%20%5B6%5D.
A21: Electricity medium voltage JP (stone grinding) | B21: =2.2/10 -> 0.22 | C21: =B21*(C5/1000) -> 0.0044 | D21: kWh | E21: Assuming Granite Stone Mill power: 2.2 kW, Capacity: 10 kg/h | F21: https://www.delijx.com/new/The-Ultimate-Guide-to-Matcha-Production-Processes-3-Key-Machines-Compared.html
A22: Heat small scale natural gas RoW (whisking water) | B22: =C11 -> 60 | C22: 0.00419 | D22: kWh | E22: Assumes initial temp at 20C and final temp at 80 C | F22: https://www.omnicalculator.com/physics/water-heating
A23: Electricity medium voltage JP (steam wand) | B23: 1.55 | C23: =B23*60/3600 -> 0.025833333 | D23: kWh | E23: Estimated Steam wand steaming 286 mL milk. ~1400W wand for ~60s. 1.4 kW × 60s ÷ 3600 = ~0.023 kWh, rounded to 0.025 kWh. JP grid reflects use in Tokyo coffee shop.
A24: Waste treatment
A25: Tinplate scrap sorted RoW | B25: =C8 -> 0.036363636 | C25: =C8 -> 0.036363636 | D25: g | E25: Mass balance: tin input, recycling
A26: Waste paperboard sorted RoW (milk carton) | B26: =C13 -> 7.755 | C26: =B26 -> 7.755 | D26: g | E26: Mass balance = carton input
A27: Municipal solid waste incineration RoW | B27: =B14+B16 -> 13.887894 | C27: =B27 -> 13.887894 | D27: g | E27: Mass balance = cup and sleeve
A28: Waste polyethylene for recycling | B28: =B15 -> 3.6 | C28: =B28 -> 3.6 | D28: g | E28: Mass balance = lid input
A29: Kitchen and garden waste composting (whisk) | B29: =C12 -> 0.06 | C29: =B29 -> 0.06 | D29: g | E29: Mass balance = bamboo input

Sheet Recipes
A1: Product | B1: Quantity | C1: Unit
A2: Pourover Coffee (350 mL)
A3: Coffee Grounds | B3: 21 | C3: g
A4: Water | B4: 350 | C4: g or mL
A6: Matcha (350 mL)
A7: Matcha Powder | B7: 4 | C7: g
A8: Water | B8: 60 | C8: mL
A9: Fresh Dairy Milk | B9: 235 | C9: mL

Sheet Abbreviations
A1: Abbreviation | B1: Meaning
A2: GLO | B2: Global
A3: RoW | B3: Rest of World
A4: JP | B4: Japan
